,Category,Difference Method,Percentage Method,Date,Year,Month,Rolling Total
2019-01-01,Lohnsteuer,89037.34178883347,89150.73198673487,2019-01-01,2019,1,89037.34178883347
2019-02-01,Lohnsteuer,89536.92708024199,89823.80042553387,2019-02-01,2019,2,89536.92708024199
2019-03-01,Lohnsteuer,90025.98071967525,90522.96534340036,2019-03-01,2019,3,90025.98071967525
2019-04-01,Lohnsteuer,90518.84249576028,91210.85547517681,2019-04-01,2019,4,90518.84249576028
2019-05-01,Lohnsteuer,91017.5808346094,91873.17014352593,2019-05-01,2019,5,91017.5808346094
2019-06-01,Lohnsteuer,91533.21844176904,92515.7164658661,2019-06-01,2019,6,91533.21844176904
2019-07-01,Lohnsteuer,92022.23717783378,93234.17498447683,2019-07-01,2019,7,92022.23717783378
2019-08-01,Lohnsteuer,92549.84424295138,93870.77270293422,2019-08-01,2019,8,92549.84424295138
2019-09-01,Lohnsteuer,93019.93657227347,94651.65082713637,2019-09-01,2019,9,93019.93657227347
2019-10-01,Lohnsteuer,93514.77542271213,95436.21954237156,2019-10-01,2019,10,93514.77542271213
2019-11-01,Lohnsteuer,94019.28389292427,96121.99932172347,2019-11-01,2019,11,94019.28389292427
2019-12-01,Lohnsteuer,94514.92520122716,96839.10893209219,2019-12-01,2019,12,94514.92520122716
2020-01-01,Lohnsteuer,95015.58558612439,97611.83728988393,2020-01-01,2020,1,95015.58558612439
2020-02-01,Lohnsteuer,95517.50367823456,98366.80600705837,2020-02-01,2020,2,95517.50367823456
2020-03-01,Lohnsteuer,96019.79877251547,99129.01079090248,2020-03-01,2020,3,96019.79877251547
2020-04-01,Lohnsteuer,96523.03329728745,99875.87070369865,2020-04-01,2020,4,96523.03329728745
2020-05-01,Lohnsteuer,97053.65021743187,100613.12622010612,2020-05-01,2020,5,97053.65021743187
2020-06-01,Lohnsteuer,97555.58727061594,101411.89021087754,2020-06-01,2020,6,97555.58727061594
2020-07-01,Lohnsteuer,98082.25082690244,102143.40464347955,2020-07-01,2020,7,98082.25082690244
2020-08-01,Lohnsteuer,98577.48696058537,102973.16980108073,2020-08-01,2020,8,98577.48696058537
2020-09-01,Lohnsteuer,99088.55640135179,103724.6085140495,2020-09-01,2020,9,99088.55640135179
2020-10-01,Lohnsteuer,99596.28202563788,104454.49720582378,2020-10-01,2020,10,99596.28202563788
2020-11-01,Lohnsteuer,100120.09472599618,105257.81245414657,2020-11-01,2020,11,100120.09472599618
2020-12-01,Lohnsteuer,100651.67534615872,105981.38155660413,2020-12-01,2020,12,100651.67534615872
2019-01-01,Veranlagte Einkommensteuer,25617.340845577517,25608.984697824864,2019-01-01,2019,1,25608.984697824864
2019-02-01,Veranlagte Einkommensteuer,25704.383231926247,25704.14803905418,2019-02-01,2019,2,25704.14803905418
2019-03-01,Veranlagte Einkommensteuer,26056.26227654706,26165.92242956561,2019-03-01,2019,3,26056.26227654706
2019-04-01,Veranlagte Einkommensteuer,26107.16056155617,26298.293220360065,2019-04-01,2019,4,26107.16056155617
2019-05-01,Veranlagte Einkommensteuer,26058.40375779197,26266.10881167991,2019-05-01,2019,5,26058.40375779197
2019-06-01,Veranlagte Einkommensteuer,26334.29860865967,26620.341749598832,2019-06-01,2019,6,26334.29860865967
2019-07-01,Veranlagte Einkommensteuer,26302.901585242158,26649.576714251034,2019-07-01,2019,7,26302.901585242158
2019-08-01,Veranlagte Einkommensteuer,26262.76026242829,26589.824605404167,2019-08-01,2019,8,26262.76026242829
2019-09-01,Veranlagte Einkommensteuer,26404.195482610336,26719.62866376473,2019-09-01,2019,9,26404.195482610336
2019-10-01,Veranlagte Einkommensteuer,26350.822314463167,26645.54681012371,2019-10-01,2019,10,26350.822314463167
2019-11-01,Veranlagte Einkommensteuer,26301.48784192463,26606.944050014205,2019-11-01,2019,11,26301.48784192463
2019-12-01,Veranlagte Einkommensteuer,26408.443400175023,26637.15285891759,2019-12-01,2019,12,26408.443400175023
2020-01-01,Veranlagte Einkommensteuer,26382.000353202267,26581.463757225505,2020-01-01,2020,1,26382.000353202267
2020-02-01,Veranlagte Einkommensteuer,26409.491866025346,26537.03397131743,2020-02-01,2020,2,26409.491866025346
2020-03-01,Veranlagte Einkommensteuer,26464.798609323785,26463.05766117197,2020-03-01,2020,3,26463.05766117197
2020-04-01,Veranlagte Einkommensteuer,26474.703765115035,26530.199393787898,2020-04-01,2020,4,26474.703765115035
2020-05-01,Veranlagte Einkommensteuer,26432.635714895514,26417.29336049831,2020-05-01,2020,5,26417.29336049831
2020-06-01,Veranlagte Einkommensteuer,26410.19250343718,26330.045580708174,2020-06-01,2020,6,26330.045580708174
2020-07-01,Veranlagte Einkommensteuer,26293.077940210984,26067.946679795972,2020-07-01,2020,7,26067.946679795972
2020-08-01,Veranlagte Einkommensteuer,26302.214024469256,26072.47075557748,2020-08-01,2020,8,26072.47075557748
2020-09-01,Veranlagte Einkommensteuer,26344.354412212775,25900.14484717997,2020-09-01,2020,9,25900.14484717997
2020-10-01,Veranlagte Einkommensteuer,26317.736855560655,25794.735984518076,2020-10-01,2020,10,25794.735984518076
2020-11-01,Veranlagte Einkommensteuer,26300.485323354584,25751.634699870658,2020-11-01,2020,11,25751.634699870658
2020-12-01,Veranlagte Einkommensteuer,26365.21408453569,25622.35726350888,2020-12-01,2020,12,25622.35726350888
2019-01-01,nicht veranlagte Steuer vom Ertrag,11610.655110845966,11776.421898191316,2019-01-01,2019,1,11610.655110845966
2019-02-01,nicht veranlagte Steuer vom Ertrag,11591.870486424761,11636.798461202587,2019-02-01,2019,2,11591.870486424761
2019-03-01,nicht veranlagte Steuer vom Ertrag,11642.570068815798,11980.198723924339,2019-03-01,2019,3,11642.570068815798
2019-04-01,nicht veranlagte Steuer vom Ertrag,11639.826361800828,11970.424719302797,2019-04-01,2019,4,11639.826361800828
2019-05-01,nicht veranlagte Steuer vom Ertrag,11658.670729629439,12103.29488489839,2019-05-01,2019,5,11658.670729629439
2019-06-01,nicht veranlagte Steuer vom Ertrag,11502.643313359738,10958.980039808315,2019-06-01,2019,6,10958.980039808315
2019-07-01,nicht veranlagte Steuer vom Ertrag,11580.055261526102,11681.649960945348,2019-07-01,2019,7,11580.055261526102
2019-08-01,nicht veranlagte Steuer vom Ertrag,11695.176970911669,12479.403147012958,2019-08-01,2019,8,11695.176970911669
2019-09-01,nicht veranlagte Steuer vom Ertrag,11694.06196098062,12436.958304712052,2019-09-01,2019,9,11694.06196098062
2019-10-01,nicht veranlagte Steuer vom Ertrag,11689.524977211446,12388.745762833554,2019-10-01,2019,10,11689.524977211446
2019-11-01,nicht veranlagte Steuer vom Ertrag,11718.413013942378,12589.702683156962,2019-11-01,2019,11,11718.413013942378
2019-12-01,nicht veranlagte Steuer vom Ertrag,11696.908673758595,12443.399430499476,2019-12-01,2019,12,11696.908673758595
2020-01-01,nicht veranlagte Steuer vom Ertrag,11711.454582348368,12486.323451459912,2020-01-01,2020,1,11711.454582348368
2020-02-01,nicht veranlagte Steuer vom Ertrag,11718.28359850642,12561.094113387884,2020-02-01,2020,2,11718.28359850642
2020-03-01,nicht veranlagte Steuer vom Ertrag,11685.936355965616,12373.01272751729,2020-03-01,2020,3,11685.936355965616
2020-04-01,nicht veranlagte Steuer vom Ertrag,11714.073076394197,12598.646501407064,2020-04-01,2020,4,11714.073076394197
2020-05-01,nicht veranlagte Steuer vom Ertrag,11747.30471795215,12950.454703752037,2020-05-01,2020,5,11747.30471795215
2020-06-01,nicht veranlagte Steuer vom Ertrag,11968.903548233686,14597.50921878311,2020-06-01,2020,6,11968.903548233686
2020-07-01,nicht veranlagte Steuer vom Ertrag,12019.756439814451,14763.6149205605,2020-07-01,2020,7,12019.756439814451
2020-08-01,nicht veranlagte Steuer vom Ertrag,11859.506050320517,13734.327345046337,2020-08-01,2020,8,11859.506050320517
2020-09-01,nicht veranlagte Steuer vom Ertrag,11867.917310163659,13817.519491780246,2020-09-01,2020,9,11867.917310163659
2020-10-01,nicht veranlagte Steuer vom Ertrag,11884.578821812234,13901.07344441067,2020-10-01,2020,10,11884.578821812234
2020-11-01,nicht veranlagte Steuer vom Ertrag,11883.15523312306,13874.229634343365,2020-11-01,2020,11,11883.15523312306
2020-12-01,nicht veranlagte Steuer vom Ertrag,11868.762859375778,13800.900194986096,2020-12-01,2020,12,11868.762859375778
2019-01-01,Abgeltungsteuer auf Zins- und Veräußerungserträge,2716.549527485723,2716.549527485723,2019-01-01,2019,1,2716.549527485723
2019-02-01,Abgeltungsteuer auf Zins- und Veräußerungserträge,2839.7376890963187,2839.7376890963187,2019-02-01,2019,2,2839.7376890963187
2019-03-01,Abgeltungsteuer auf Zins- und Veräußerungserträge,2843.9546655064323,2843.9546655064323,2019-03-01,2019,3,2843.9546655064323
2019-04-01,Abgeltungsteuer auf Zins- und Veräußerungserträge,2924.9839416860273,2924.9839416860273,2019-04-01,2019,4,2924.9839416860273
2019-05-01,Abgeltungsteuer auf Zins- und Veräußerungserträge,2973.588755762802,2973.588755762802,2019-05-01,2019,5,2973.588755762802
2019-06-01,Abgeltungsteuer auf Zins- und Veräußerungserträge,3031.240486556927,3031.240486556927,2019-06-01,2019,6,3031.240486556927
2019-07-01,Abgeltungsteuer auf Zins- und Veräußerungserträge,3055.1305011890227,3055.1305011890227,2019-07-01,2019,7,3055.1305011890227
2019-08-01,Abgeltungsteuer auf Zins- und Veräußerungserträge,3044.9416075316844,3044.9416075316844,2019-08-01,2019,8,3044.9416075316844
2019-09-01,Abgeltungsteuer auf Zins- und Veräußerungserträge,3051.0867049753574,3051.0867049753574,2019-09-01,2019,9,3051.0867049753574
2019-10-01,Abgeltungsteuer auf Zins- und Veräußerungserträge,3043.776590792057,3043.776590792057,2019-10-01,2019,10,3043.776590792057
2019-11-01,Abgeltungsteuer auf Zins- und Veräußerungserträge,3064.9017187237423,3064.9017187237423,2019-11-01,2019,11,3064.9017187237423
2019-12-01,Abgeltungsteuer auf Zins- und Veräußerungserträge,3105.8533082612103,3105.8533082612103,2019-12-01,2019,12,3105.8533082612103
2020-01-01,Abgeltungsteuer auf Zins- und Veräußerungserträge,3097.2805871469563,3097.2805871469563,2020-01-01,2020,1,3097.2805871469563
2020-02-01,Abgeltungsteuer auf Zins- und Veräußerungserträge,3108.4731131939493,3108.4731131939493,2020-02-01,2020,2,3108.4731131939493
2020-03-01,Abgeltungsteuer auf Zins- und Veräußerungserträge,3081.785843164665,3081.785843164665,2020-03-01,2020,3,3081.785843164665
2020-04-01,Abgeltungsteuer auf Zins- und Veräußerungserträge,3015.759892079121,3015.759892079121,2020-04-01,2020,4,3015.759892079121
2020-05-01,Abgeltungsteuer auf Zins- und Veräußerungserträge,2950.416642602083,2950.416642602083,2020-05-01,2020,5,2950.416642602083
2020-06-01,Abgeltungsteuer auf Zins- und Veräußerungserträge,2898.7301389302743,2898.7301389302743,2020-06-01,2020,6,2898.7301389302743
2020-07-01,Abgeltungsteuer auf Zins- und Veräußerungserträge,2859.6692630788307,2859.6692630788307,2020-07-01,2020,7,2859.6692630788307
2020-08-01,Abgeltungsteuer auf Zins- und Veräußerungserträge,2842.8645429457342,2842.8645429457342,2020-08-01,2020,8,2842.8645429457342
2020-09-01,Abgeltungsteuer auf Zins- und Veräußerungserträge,2835.718289407504,2835.718289407504,2020-09-01,2020,9,2835.718289407504
2020-10-01,Abgeltungsteuer auf Zins- und Veräußerungserträge,2818.798485797608,2818.798485797608,2020-10-01,2020,10,2818.798485797608
2020-11-01,Abgeltungsteuer auf Zins- und Veräußerungserträge,2780.3209291403405,2780.3209291403405,2020-11-01,2020,11,2780.3209291403405
2020-12-01,Abgeltungsteuer auf Zins- und Veräußerungserträge,2749.2574227978653,2749.2574227978653,2020-12-01,2020,12,2749.2574227978653
2019-01-01,Körperschaftsteuer,17005.563027104057,16670.736491247997,2019-01-01,2019,1,16670.736491247997
2019-02-01,Körperschaftsteuer,17104.46621326941,16688.72409456293,2019-02-01,2019,2,16688.72409456293
2019-03-01,Körperschaftsteuer,17172.844612922607,16721.14657647238,2019-03-01,2019,3,16721.14657647238
2019-04-01,Körperschaftsteuer,17225.4659878728,16764.77686404494,2019-04-01,2019,4,16764.77686404494
2019-05-01,Körperschaftsteuer,17455.42106368955,16722.54338321718,2019-05-01,2019,5,16722.54338321718
2019-06-01,Körperschaftsteuer,17539.849746654785,16743.176098339576,2019-06-01,2019,6,16743.176098339576
2019-07-01,Körperschaftsteuer,17689.74843408233,16737.711638350047,2019-07-01,2019,7,16737.711638350047
2019-08-01,Körperschaftsteuer,17815.169475249117,16747.22145233148,2019-08-01,2019,8,16747.22145233148
2019-09-01,Körperschaftsteuer,17912.42237349159,16764.195935078646,2019-09-01,2019,9,16764.195935078646
2019-10-01,Körperschaftsteuer,18100.97910069729,16743.26852082803,2019-10-01,2019,10,16743.26852082803
2019-11-01,Körperschaftsteuer,18234.36499955754,16747.736579429733,2019-11-01,2019,11,16747.736579429733
2019-12-01,Körperschaftsteuer,18263.62567063901,16801.271086198714,2019-12-01,2019,12,16801.271086198714
2020-01-01,Körperschaftsteuer,18359.518716875173,16815.94786992328,2020-01-01,2020,1,16815.94786992328
2020-02-01,Körperschaftsteuer,18487.853764994117,16817.135767264823,2020-02-01,2020,2,16817.135767264823
2020-03-01,Körperschaftsteuer,18595.402620288325,16825.796156946508,2020-03-01,2020,3,16825.796156946508
2020-04-01,Körperschaftsteuer,18748.7976578885,16816.330565976878,2020-04-01,2020,4,16816.330565976878
2020-05-01,Körperschaftsteuer,18827.012727046163,16839.978296438225,2020-05-01,2020,5,16839.978296438225
2020-06-01,Körperschaftsteuer,18876.476800520384,16878.07639778977,2020-06-01,2020,6,16878.07639778977
2020-07-01,Körperschaftsteuer,19083.8770867692,16848.97651014254,2020-07-01,2020,7,16848.97651014254
2020-08-01,Körperschaftsteuer,19221.148255168533,16849.232765785437,2020-08-01,2020,8,16849.232765785437
2020-09-01,Körperschaftsteuer,19183.97081462372,16921.412195035642,2020-09-01,2020,9,16921.412195035642
2020-10-01,Körperschaftsteuer,19197.301880009287,16969.378858694956,2020-10-01,2020,10,16969.378858694956
2020-11-01,Körperschaftsteuer,19323.305766316458,16973.34520733942,2020-11-01,2020,11,16973.34520733942
2020-12-01,Körperschaftsteuer,19538.67085542353,16939.91508697677,2020-12-01,2020,12,16939.91508697677
2019-01-01,Steuern vom Umsatz,116729.15440154777,116758.60815748452,2019-01-01,2019,1,116729.15440154777
2019-02-01,Steuern vom Umsatz,116970.33643146013,117036.5067453562,2019-02-01,2019,2,116970.33643146013
2019-03-01,Steuern vom Umsatz,117173.83750897474,117267.03964062124,2019-03-01,2019,3,117173.83750897474
2019-04-01,Steuern vom Umsatz,117383.00868395426,117502.97565795975,2019-04-01,2019,4,117383.00868395426
2019-05-01,Steuern vom Umsatz,117570.71018123209,117709.01969725743,2019-05-01,2019,5,117570.71018123209
2019-06-01,Steuern vom Umsatz,117741.63276817351,117894.98424545697,2019-06-01,2019,6,117741.63276817351
2019-07-01,Steuern vom Umsatz,117997.984339008,118198.36914897154,2019-07-01,2019,7,117997.984339008
2019-08-01,Steuern vom Umsatz,118150.87805728645,118356.12277371612,2019-08-01,2019,8,118150.87805728645
2019-09-01,Steuern vom Umsatz,118371.93229510513,118614.80416351184,2019-09-01,2019,9,118371.93229510513
2019-10-01,Steuern vom Umsatz,118539.21714714819,118795.77945782412,2019-10-01,2019,10,118539.21714714819
2019-11-01,Steuern vom Umsatz,118792.1154954561,119105.64165299466,2019-11-01,2019,11,118792.1154954561
2019-12-01,Steuern vom Umsatz,119459.28983089824,119980.96636743218,2019-12-01,2019,12,119459.28983089824
2020-01-01,Steuern vom Umsatz,119641.06565561928,120182.41598418409,2020-01-01,2020,1,119641.06565561928
2020-02-01,Steuern vom Umsatz,119892.42522437096,120482.21192058732,2020-02-01,2020,2,119892.42522437096
2020-03-01,Steuern vom Umsatz,120069.84165059993,120681.98109260196,2020-03-01,2020,3,120069.84165059993
2020-04-01,Steuern vom Umsatz,120218.74793436553,120842.80287947548,2020-04-01,2020,4,120218.74793436553
2020-05-01,Steuern vom Umsatz,120445.90419016649,121112.55658856334,2020-05-01,2020,5,120445.90419016649
2020-06-01,Steuern vom Umsatz,120674.03829860831,121380.73194411039,2020-06-01,2020,6,120674.03829860831
2020-07-01,Steuern vom Umsatz,120876.15467232786,121617.75469293527,2020-07-01,2020,7,120876.15467232786
2020-08-01,Steuern vom Umsatz,121147.47560258317,121947.67095831015,2020-08-01,2020,8,121147.47560258317
2020-09-01,Steuern vom Umsatz,121353.34328355698,122186.04695403058,2020-09-01,2020,9,121353.34328355698
2020-10-01,Steuern vom Umsatz,121539.47178750373,122396.28526741272,2020-10-01,2020,10,121539.47178750373
2020-11-01,Steuern vom Umsatz,121714.04652027889,122587.88168191617,2020-11-01,2020,11,121714.04652027889
2020-12-01,Steuern vom Umsatz,121945.9687991614,122889.61937843057,2020-12-01,2020,12,121945.9687991614
2019-01-01,Gewerbesteuerumlage,2064.441525558779,1995.6678505175105,2019-01-01,2019,1,1995.6678505175105
2019-02-01,Gewerbesteuerumlage,2072.992712425421,2072.397228849855,2019-02-01,2019,2,2072.397228849855
2019-03-01,Gewerbesteuerumlage,2083.0984064582644,2031.7937910359592,2019-03-01,2019,3,2031.7937910359592
2019-04-01,Gewerbesteuerumlage,2092.9588233401564,2067.149897200812,2019-04-01,2019,4,2067.149897200812
2019-05-01,Gewerbesteuerumlage,2100.86622373308,2070.9075304721896,2019-05-01,2019,5,2070.9075304721896
2019-06-01,Gewerbesteuerumlage,2111.124636350354,2088.80488979649,2019-06-01,2019,6,2088.80488979649
2019-07-01,Gewerbesteuerumlage,2120.48481504319,2060.198364375721,2019-07-01,2019,7,2060.198364375721
2019-08-01,Gewerbesteuerumlage,2127.457756847126,2113.1747216582103,2019-08-01,2019,8,2113.1747216582103
2019-09-01,Gewerbesteuerumlage,2137.377208599122,2119.327219415145,2019-09-01,2019,9,2119.327219415145
2019-10-01,Gewerbesteuerumlage,2146.164402465641,2130.5020936669175,2019-10-01,2019,10,2130.5020936669175
2019-11-01,Gewerbesteuerumlage,2155.4173818521213,2139.9283485362766,2019-11-01,2019,11,2139.9283485362766
2019-12-01,Gewerbesteuerumlage,2163.1564113513027,2149.538814323243,2019-12-01,2019,12,2149.538814323243
2020-01-01,Gewerbesteuerumlage,2176.074472743814,2135.058791521592,2020-01-01,2020,1,2135.058791521592
2020-02-01,Gewerbesteuerumlage,2186.227089832003,2147.161983167505,2020-02-01,2020,2,2147.161983167505
2020-03-01,Gewerbesteuerumlage,2196.137033640831,2152.401807441271,2020-03-01,2020,3,2152.401807441271
2020-04-01,Gewerbesteuerumlage,2205.553981159234,2148.2319661097254,2020-04-01,2020,4,2148.2319661097254
2020-05-01,Gewerbesteuerumlage,2212.9906804369616,2170.925656553574,2020-05-01,2020,5,2170.925656553574
2020-06-01,Gewerbesteuerumlage,2222.8322951561177,2180.424771294639,2020-06-01,2020,6,2180.424771294639
2020-07-01,Gewerbesteuerumlage,2230.265056103611,2187.2676195558447,2020-07-01,2020,7,2187.2676195558447
2020-08-01,Gewerbesteuerumlage,2240.88615357442,2208.153095883182,2020-08-01,2020,8,2208.153095883182
2020-09-01,Gewerbesteuerumlage,2251.144546413636,2214.6345772556783,2020-09-01,2020,9,2214.6345772556783
2020-10-01,Gewerbesteuerumlage,2257.7375903027514,2246.8651752345772,2020-10-01,2020,10,2246.8651752345772
2020-11-01,Gewerbesteuerumlage,2275.629462233923,2182.8742724254257,2020-11-01,2020,11,2182.8742724254257
2020-12-01,Gewerbesteuerumlage,2273.7404071489404,2273.0346159106425,2020-12-01,2020,12,2273.0346159106425
2019-01-01,Energiesteuer,40884.70962623635,40889.61672651433,2019-01-01,2019,1,40884.70962623635
2019-02-01,Energiesteuer,40884.9603709197,40890.53713851725,2019-02-01,2019,2,40884.9603709197
2019-03-01,Energiesteuer,40884.983574450656,40859.301944392,2019-03-01,2019,3,40859.301944392
2019-04-01,Energiesteuer,40884.985721670055,40901.198580364224,2019-04-01,2019,4,40884.985721670055
2019-05-01,Energiesteuer,40884.98592037046,40849.98392921956,2019-05-01,2019,5,40849.98392921956
2019-06-01,Energiesteuer,40884.9859387579,40865.34892452767,2019-06-01,2019,6,40865.34892452767
2019-07-01,Energiesteuer,40884.985940459446,40816.52688382354,2019-07-01,2019,7,40816.52688382354
2019-08-01,Energiesteuer,40884.985940616905,40794.161096892225,2019-08-01,2019,8,40794.161096892225
2019-09-01,Energiesteuer,40884.98594063147,40795.96164059068,2019-09-01,2019,9,40795.96164059068
2019-10-01,Energiesteuer,40884.98594063282,40792.748409371445,2019-10-01,2019,10,40792.748409371445
2019-11-01,Energiesteuer,40884.98594063295,40812.444844559155,2019-11-01,2019,11,40812.444844559155
2019-12-01,Energiesteuer,40884.985940632956,40790.62877150228,2019-12-01,2019,12,40790.62877150228
2020-01-01,Energiesteuer,40884.985940632956,40805.750541988,2020-01-01,2020,1,40805.750541988
2020-02-01,Energiesteuer,40884.985940632956,40824.33768482204,2020-02-01,2020,2,40824.33768482204
2020-03-01,Energiesteuer,40884.985940632956,40823.252415217816,2020-03-01,2020,3,40823.252415217816
2020-04-01,Energiesteuer,40884.985940632956,40708.77943214871,2020-04-01,2020,4,40708.77943214871
2020-05-01,Energiesteuer,40884.985940632956,40836.458139933806,2020-05-01,2020,5,40836.458139933806
2020-06-01,Energiesteuer,40884.985940632956,40809.30879206808,2020-06-01,2020,6,40809.30879206808
2020-07-01,Energiesteuer,40884.985940632956,40841.241448018016,2020-07-01,2020,7,40841.241448018016
2020-08-01,Energiesteuer,40884.985940632956,40857.053243715665,2020-08-01,2020,8,40857.053243715665
2020-09-01,Energiesteuer,40884.985940632956,40871.820993745336,2020-09-01,2020,9,40871.820993745336
2020-10-01,Energiesteuer,40884.985940632956,40874.683347303544,2020-10-01,2020,10,40874.683347303544
2020-11-01,Energiesteuer,40884.985940632956,40928.40281335825,2020-11-01,2020,11,40884.985940632956
2020-12-01,Energiesteuer,40884.985940632956,40943.62751730093,2020-12-01,2020,12,40884.985940632956
2019-01-01,Tabaksteuer,14356.154346989446,14339.174812601977,2019-01-01,2019,1,14339.174812601977
2019-02-01,Tabaksteuer,14329.468767424694,14339.173354337301,2019-02-01,2019,2,14329.468767424694
2019-03-01,Tabaksteuer,14351.219297153966,14339.174588643637,2019-03-01,2019,3,14339.174588643637
2019-04-01,Tabaksteuer,14381.761843990715,14339.176525923982,2019-04-01,2019,4,14339.176525923982
2019-05-01,Tabaksteuer,14426.766860177439,14339.179374054314,2019-05-01,2019,5,14339.179374054314
2019-06-01,Tabaksteuer,14392.101032279226,14339.177082928036,2019-06-01,2019,6,14339.177082928036
2019-07-01,Tabaksteuer,14351.832236650947,14339.174488321953,2019-07-01,2019,7,14339.174488321953
2019-08-01,Tabaksteuer,14335.566714756449,14339.173480617324,2019-08-01,2019,8,14335.566714756449
2019-09-01,Tabaksteuer,14321.88962036569,14339.172642464524,2019-09-01,2019,9,14321.88962036569
2019-10-01,Tabaksteuer,14340.57590847275,14339.173773546796,2019-10-01,2019,10,14339.173773546796
2019-11-01,Tabaksteuer,14322.37786023411,14339.17265457772,2019-11-01,2019,11,14322.37786023411
2019-12-01,Tabaksteuer,14326.311787645256,14339.172892799199,2019-12-01,2019,12,14326.311787645256
2020-01-01,Tabaksteuer,14334.511221942872,14339.173390748387,2020-01-01,2020,1,14334.511221942872
2020-02-01,Tabaksteuer,14332.78916788036,14339.173285447749,2020-02-01,2020,2,14332.78916788036
2020-03-01,Tabaksteuer,14343.693654165518,14339.173951373783,2020-03-01,2020,3,14339.173951373783
2020-04-01,Tabaksteuer,14364.764378264628,14339.175250226612,2020-04-01,2020,4,14339.175250226612
2020-05-01,Tabaksteuer,14338.282441599238,14339.17358769912,2020-05-01,2020,5,14338.282441599238
2020-06-01,Tabaksteuer,14355.90974326469,14339.174669256474,2020-06-01,2020,6,14339.174669256474
2020-07-01,Tabaksteuer,14327.21411894244,14339.172881615837,2020-07-01,2020,7,14327.21411894244
2020-08-01,Tabaksteuer,14333.363179617705,14339.173255363246,2020-08-01,2020,8,14333.363179617705
2020-09-01,Tabaksteuer,14354.35198550383,14339.17453777256,2020-09-01,2020,9,14339.17453777256
2020-10-01,Tabaksteuer,14316.30977678852,14339.172171075104,2020-10-01,2020,10,14316.30977678852
2020-11-01,Tabaksteuer,14330.575605115946,14339.17303022721,2020-11-01,2020,11,14330.575605115946
2020-12-01,Tabaksteuer,14331.231505110725,14339.17307020753,2020-12-01,2020,12,14331.231505110725
2019-01-01,Solidaritätszuschlag,18999.967758021296,19097.92549453207,2019-01-01,2019,1,18999.967758021296
2019-02-01,Solidaritätszuschlag,19080.104337166555,19195.03345435028,2019-02-01,2019,2,19080.104337166555
2019-03-01,Solidaritätszuschlag,19171.65443415391,19151.014792952003,2019-03-01,2019,3,19151.014792952003
2019-04-01,Solidaritätszuschlag,19251.979666486637,19254.646880203418,2019-04-01,2019,4,19251.979666486637
2019-05-01,Solidaritätszuschlag,19322.306279883316,19388.805929221646,2019-05-01,2019,5,19322.306279883316
2019-06-01,Solidaritätszuschlag,19415.742908745397,19311.361109089485,2019-06-01,2019,6,19311.361109089485
2019-07-01,Solidaritätszuschlag,19491.351811391312,19433.50163757048,2019-07-01,2019,7,19433.50163757048
2019-08-01,Solidaritätszuschlag,19567.998306568323,19605.63784789031,2019-08-01,2019,8,19567.998306568323
2019-09-01,Solidaritätszuschlag,19647.19161977622,19644.802426240105,2019-09-01,2019,9,19644.802426240105
2019-10-01,Solidaritätszuschlag,19719.404765047624,19816.16863890799,2019-10-01,2019,10,19719.404765047624
2019-11-01,Solidaritätszuschlag,19797.46615913068,19939.91908672595,2019-11-01,2019,11,19797.46615913068
2019-12-01,Solidaritätszuschlag,19879.017637181983,19988.695568336654,2019-12-01,2019,12,19879.017637181983
2020-01-01,Solidaritätszuschlag,19958.493930171087,20116.505082883672,2020-01-01,2020,1,19958.493930171087
2020-02-01,Solidaritätszuschlag,20039.102142285024,20234.51221939762,2020-02-01,2020,2,20039.102142285024
2020-03-01,Solidaritätszuschlag,20115.937290649512,20324.55684589349,2020-03-01,2020,3,20115.937290649512
2020-04-01,Solidaritätszuschlag,20192.395132639052,20465.204419941176,2020-04-01,2020,4,20192.395132639052
2020-05-01,Solidaritätszuschlag,20275.172856408928,20574.11653024386,2020-05-01,2020,5,20275.172856408928
2020-06-01,Solidaritätszuschlag,20358.04490677254,20633.689080219414,2020-06-01,2020,6,20358.04490677254
2020-07-01,Solidaritätszuschlag,20432.333237106144,20792.50542960951,2020-07-01,2020,7,20432.333237106144
2020-08-01,Solidaritätszuschlag,20509.3570386581,20914.053086723186,2020-08-01,2020,8,20509.3570386581
2020-09-01,Solidaritätszuschlag,20589.965250772042,20981.838949781388,2020-09-01,2020,9,20589.965250772042
2020-10-01,Solidaritätszuschlag,20668.30962463631,21108.26609995349,2020-10-01,2020,10,20668.30962463631
2020-11-01,Solidaritätszuschlag,20745.616405969475,21270.376792318402,2020-11-01,2020,11,20745.616405969475
2020-12-01,Solidaritätszuschlag,20819.33877674066,21319.879280687317,2020-12-01,2020,12,20819.33877674066
2019-01-01,Versicherungsteuer,13775.933647930693,13772.00355433048,2019-01-01,2019,1,13772.00355433048
2019-02-01,Versicherungsteuer,13776.005001442842,13765.010661186689,2019-02-01,2019,2,13765.010661186689
2019-03-01,Versicherungsteuer,13763.817468519115,13758.02131876479,2019-03-01,2019,3,13758.02131876479
2019-04-01,Versicherungsteuer,13755.59843499734,13751.035525261863,2019-04-01,2019,4,13751.035525261863
2019-05-01,Versicherungsteuer,13746.575283658112,13744.053278875903,2019-05-01,2019,5,13744.053278875903
2019-06-01,Versicherungsteuer,13738.257466408772,13737.074577805823,2019-06-01,2019,6,13737.074577805823
2019-07-01,Versicherungsteuer,13728.722005688294,13730.099420251447,2019-07-01,2019,7,13728.722005688294
2019-08-01,Versicherungsteuer,13720.90751748879,13723.127804413512,2019-08-01,2019,8,13720.90751748879
2019-09-01,Versicherungsteuer,13718.673119151104,13716.159728493674,2019-09-01,2019,9,13716.159728493674
2019-10-01,Versicherungsteuer,13709.3164311689,13709.195190694498,2019-10-01,2019,10,13709.195190694498
2019-11-01,Versicherungsteuer,13696.4476008361,13702.23418921946,2019-11-01,2019,11,13696.4476008361
2019-12-01,Versicherungsteuer,13689.432143885362,13695.276722272954,2019-12-01,2019,12,13689.432143885362
2020-01-01,Versicherungsteuer,13640.857160738933,13688.32278806028,2020-01-01,2020,1,13640.857160738933
2020-02-01,Versicherungsteuer,13682.602692515264,13681.372384787655,2020-02-01,2020,2,13681.372384787655
2020-03-01,Versicherungsteuer,13672.98644316095,13674.425510662202,2020-03-01,2020,3,13672.98644316095
2020-04-01,Versicherungsteuer,13665.21453245654,13667.482163891955,2020-04-01,2020,4,13665.21453245654
2020-05-01,Versicherungsteuer,13656.927661065172,13660.54234268586,2020-05-01,2020,5,13656.927661065172
2020-06-01,Versicherungsteuer,13647.98728753027,13653.60604525377,2020-06-01,2020,6,13647.98728753027
2020-07-01,Versicherungsteuer,13645.477515872433,13646.673269806448,2020-07-01,2020,7,13645.477515872433
2020-08-01,Versicherungsteuer,13637.719180753997,13639.744014555567,2020-08-01,2020,8,13637.719180753997
2020-09-01,Versicherungsteuer,13622.576385533781,13632.818277713708,2020-09-01,2020,9,13622.576385533781
2020-10-01,Versicherungsteuer,13614.809360137433,13625.896057494356,2020-10-01,2020,10,13614.809360137433
2020-11-01,Versicherungsteuer,13611.484893920153,13618.977352111904,2020-11-01,2020,11,13611.484893920153
2020-12-01,Versicherungsteuer,13600.352839951349,13612.062159781659,2020-12-01,2020,12,13600.352839951349
2019-01-01,Stromsteuer,6835.111891203302,6791.829531924581,2019-01-01,2019,1,6791.829531924581
2019-02-01,Stromsteuer,6824.946330927211,6733.332607639213,2019-02-01,2019,2,6733.332607639213
2019-03-01,Stromsteuer,6772.252566932451,6700.811614679501,2019-03-01,2019,3,6700.811614679501
2019-04-01,Stromsteuer,6766.770011209755,6647.175249550032,2019-04-01,2019,4,6647.175249550032
2019-05-01,Stromsteuer,6769.764642205946,6595.1654009746335,2019-05-01,2019,5,6595.1654009746335
2019-06-01,Stromsteuer,6719.315835219779,6588.609354920602,2019-06-01,2019,6,6588.609354920602
2019-07-01,Stromsteuer,6723.36625911052,6533.915392531411,2019-07-01,2019,7,6533.915392531411
2019-08-01,Stromsteuer,6734.41051279011,6480.978826976558,2019-08-01,2019,8,6480.978826976558
2019-09-01,Stromsteuer,6738.760225297775,6433.62814996708,2019-09-01,2019,9,6433.62814996708
2019-10-01,Stromsteuer,6745.454003144798,6383.141191356602,2019-10-01,2019,10,6383.141191356602
2019-11-01,Stromsteuer,6743.382282934978,6337.69888868456,2019-11-01,2019,11,6337.69888868456
2019-12-01,Stromsteuer,6731.771628106692,6289.392050820685,2019-12-01,2019,12,6289.392050820685
2020-01-01,Stromsteuer,6720.604849563759,6248.480409331516,2020-01-01,2020,1,6248.480409331516
2020-02-01,Stromsteuer,6716.008223170193,6205.468309302149,2020-02-01,2020,2,6205.468309302149
2020-03-01,Stromsteuer,6768.457745495926,6140.885197673665,2020-03-01,2020,3,6140.885197673665
2020-04-01,Stromsteuer,6771.795938729695,6093.122493316409,2020-04-01,2020,4,6093.122493316409
2020-05-01,Stromsteuer,6768.066560223309,6047.715360202211,2020-05-01,2020,5,6047.715360202211
2020-06-01,Stromsteuer,6776.778836944713,5997.445186152787,2020-06-01,2020,6,5997.445186152787
2020-07-01,Stromsteuer,6783.601356555958,5951.205102982839,2020-07-01,2020,7,5951.205102982839
2020-08-01,Stromsteuer,6771.864981068997,5911.020305025941,2020-08-01,2020,8,5911.020305025941
2020-09-01,Stromsteuer,6771.29056097425,5863.335187126364,2020-09-01,2020,9,5863.335187126364
2020-10-01,Stromsteuer,6774.396903864281,5815.935423025627,2020-10-01,2020,10,5815.935423025627
2020-11-01,Stromsteuer,6777.760851279561,5770.334041197491,2020-11-01,2020,11,5770.334041197491
2020-12-01,Stromsteuer,6818.177851215961,5708.041724905181,2020-12-01,2020,12,5708.041724905181
2019-01-01,Kraftfahrzeugsteuer,9044.472127882924,9044.472127882924,2019-01-01,2019,1,9044.472127882924
2019-02-01,Kraftfahrzeugsteuer,9042.203814297825,9042.203814297825,2019-02-01,2019,2,9042.203814297825
2019-03-01,Kraftfahrzeugsteuer,9040.16840812139,9040.16840812139,2019-03-01,2019,3,9040.16840812139
2019-04-01,Kraftfahrzeugsteuer,9038.341994732036,9038.341994732036,2019-04-01,2019,4,9038.341994732036
2019-05-01,Kraftfahrzeugsteuer,9036.703115029582,9036.703115029582,2019-05-01,2019,5,9036.703115029582
2019-06-01,Kraftfahrzeugsteuer,9035.232513305586,9035.232513305586,2019-06-01,2019,6,9035.232513305586
2019-07-01,Kraftfahrzeugsteuer,9033.91291100202,9033.91291100202,2019-07-01,2019,7,9033.91291100202
2019-08-01,Kraftfahrzeugsteuer,9032.72880370012,9032.72880370012,2019-08-01,2019,8,9032.72880370012
2019-09-01,Kraftfahrzeugsteuer,9031.66627895412,9031.66627895412,2019-09-01,2019,9,9031.66627895412
2019-10-01,Kraftfahrzeugsteuer,9030.712852829605,9030.712852829605,2019-10-01,2019,10,9030.712852829605
2019-11-01,Kraftfahrzeugsteuer,9029.857323225866,9029.857323225866,2019-11-01,2019,11,9029.857323225866
2019-12-01,Kraftfahrzeugsteuer,9029.08963825893,9029.08963825893,2019-12-01,2019,12,9029.08963825893
2020-01-01,Kraftfahrzeugsteuer,9028.400778158844,9028.400778158844,2020-01-01,2020,1,9028.400778158844
2020-02-01,Kraftfahrzeugsteuer,9027.782649293582,9027.782649293582,2020-02-01,2020,2,9027.782649293582
2020-03-01,Kraftfahrzeugsteuer,9027.227989074441,9027.227989074441,2020-03-01,2020,3,9027.227989074441
2020-04-01,Kraftfahrzeugsteuer,9026.730280625628,9026.730280625628,2020-04-01,2020,4,9026.730280625628
2020-05-01,Kraftfahrzeugsteuer,9026.283676215447,9026.283676215447,2020-05-01,2020,5,9026.283676215447
2020-06-01,Kraftfahrzeugsteuer,9025.882928549481,9025.882928549481,2020-06-01,2020,6,9025.882928549481
2020-07-01,Kraftfahrzeugsteuer,9025.523329118494,9025.523329118494,2020-07-01,2020,7,9025.523329118494
2020-08-01,Kraftfahrzeugsteuer,9025.200652876689,9025.200652876689,2020-08-01,2020,8,9025.200652876689
2020-09-01,Kraftfahrzeugsteuer,9024.911108600327,9024.911108600327,2020-09-01,2020,9,9024.911108600327
2020-10-01,Kraftfahrzeugsteuer,9024.651294343457,9024.651294343457,2020-10-01,2020,10,9024.651294343457
2020-11-01,Kraftfahrzeugsteuer,9024.418157467397,9024.418157467397,2020-11-01,2020,11,9024.418157467397
2020-12-01,Kraftfahrzeugsteuer,9024.20895877432,9024.20895877432,2020-12-01,2020,12,9024.20895877432
2019-01-01,Kaffeesteuer,1037.4909824446415,1036.2851446222237,2019-01-01,2019,1,1036.2851446222237
2019-02-01,Kaffeesteuer,1037.4735925337156,1035.7150310240495,2019-02-01,2019,2,1035.7150310240495
2019-03-01,Kaffeesteuer,1037.481497038682,1035.2603343096507,2019-03-01,2019,3,1035.2603343096507
2019-04-01,Kaffeesteuer,1037.4751734347087,1034.89762008559,2019-04-01,2019,4,1034.89762008559
2019-05-01,Kaffeesteuer,1037.4720116327223,1034.6082664931705,2019-05-01,2019,5,1034.6082664931705
2019-06-01,Kaffeesteuer,1037.453040820803,1034.377402746474,2019-06-01,2019,6,1034.377402746474
2019-07-01,Kaffeesteuer,1037.4609453257692,1034.1932292905417,2019-07-01,2019,7,1034.1932292905417
2019-08-01,Kaffeesteuer,1037.476754335702,1034.0462884432939,2019-08-01,2019,8,1034.0462884432939
2019-09-01,Kaffeesteuer,1037.476754335702,1033.9290301166154,2019-09-01,2019,9,1033.9290301166154
2019-10-01,Kaffeesteuer,1037.4688498307357,1033.8354576141774,2019-10-01,2019,10,1033.8354576141774
2019-11-01,Kaffeesteuer,1037.4562026227895,1033.7607847902602,2019-11-01,2019,11,1033.7607847902602
2019-12-01,Kaffeesteuer,1037.4451363158366,1033.7011971116272,2019-12-01,2019,12,1033.7011971116272
2020-01-01,Kaffeesteuer,1037.4546217217962,1033.6536641134855,2020-01-01,2020,1,1033.6536641134855
2020-02-01,Kaffeesteuer,1037.4498790188163,1033.615721680162,2020-02-01,2020,2,1033.615721680162
2020-03-01,Kaffeesteuer,1037.4546217217962,1033.5854515208273,2020-03-01,2020,3,1033.5854515208273
2020-04-01,Kaffeesteuer,1037.4546217217962,1033.5612922219734,2020-04-01,2020,4,1033.5612922219734
2020-05-01,Kaffeesteuer,1037.4577835237828,1033.5420157726421,2020-05-01,2020,5,1033.5420157726421
2020-06-01,Kaffeesteuer,1037.4688498307357,1033.5266408486282,2020-06-01,2020,6,1033.5266408486282
2020-07-01,Kaffeesteuer,1037.4656880287491,1033.514360176462,2020-07-01,2020,7,1033.514360176462
2020-08-01,Kaffeesteuer,1037.4562026227895,1033.5045534292028,2020-08-01,2020,8,1033.5045534292028
2020-09-01,Kaffeesteuer,1037.4656880287491,1033.4967433573781,2020-09-01,2020,9,1033.4967433573781
2020-10-01,Kaffeesteuer,1037.4751734347087,1033.4905125692792,2020-10-01,2020,10,1033.4905125692792
2020-11-01,Kaffeesteuer,1037.4735925337156,1033.4855316604098,2020-11-01,2020,11,1033.4855316604098
2020-12-01,Kaffeesteuer,1037.476754335702,1033.4815609314896,2020-12-01,2020,12,1033.4815609314896
2019-01-01,Alkoholsteuer,2148.1399307983575,2148.1399307983575,2019-01-01,2019,1,2148.1399307983575
2019-02-01,Alkoholsteuer,2149.1499428880065,2149.1499428880065,2019-02-01,2019,2,2149.1499428880065
2019-03-01,Alkoholsteuer,2141.975862278011,2141.975862278011,2019-03-01,2019,3,2141.975862278011
2019-04-01,Alkoholsteuer,2140.005865937459,2140.005865937459,2019-04-01,2019,4,2140.005865937459
2019-05-01,Alkoholsteuer,2144.0006946574395,2144.0006946574395,2019-05-01,2019,5,2144.0006946574395
2019-06-01,Alkoholsteuer,2146.0015859532855,2146.0015859532855,2019-06-01,2019,6,2146.0015859532855
2019-07-01,Alkoholsteuer,2149.001432334011,2149.001432334011,2019-07-01,2019,7,2149.001432334011
2019-08-01,Alkoholsteuer,2151.0014588110575,2151.0014588110575,2019-08-01,2019,8,2151.0014588110575
2019-09-01,Alkoholsteuer,2148.0014542476074,2148.0014542476074,2019-09-01,2019,9,2148.0014542476074
2019-10-01,Alkoholsteuer,2154.0014550341402,2154.0014550341402,2019-10-01,2019,10,2154.0014550341402
2019-11-01,Alkoholsteuer,2161.0014548985773,2161.0014548985773,2019-11-01,2019,11,2161.0014548985773
2019-12-01,Alkoholsteuer,2154.0014549219422,2154.0014549219422,2019-12-01,2019,12,2154.0014549219422
2020-01-01,Alkoholsteuer,2161.001454917915,2161.001454917915,2020-01-01,2020,1,2161.001454917915
2020-02-01,Alkoholsteuer,2150.0014549186085,2150.0014549186085,2020-02-01,2020,2,2150.0014549186085
2020-03-01,Alkoholsteuer,2168.00145491849,2168.00145491849,2020-03-01,2020,3,2168.00145491849
2020-04-01,Alkoholsteuer,2161.0014549185103,2161.0014549185103,2020-04-01,2020,4,2161.0014549185103
2020-05-01,Alkoholsteuer,2170.001454918506,2170.001454918506,2020-05-01,2020,5,2170.001454918506
2020-06-01,Alkoholsteuer,2157.0014549185066,2157.0014549185066,2020-06-01,2020,6,2157.0014549185066
2020-07-01,Alkoholsteuer,2159.001454918506,2159.001454918506,2020-07-01,2020,7,2159.001454918506
2020-08-01,Alkoholsteuer,2176.0014549185066,2176.0014549185066,2020-08-01,2020,8,2176.0014549185066
2020-09-01,Alkoholsteuer,2186.0014549185066,2186.0014549185066,2020-09-01,2020,9,2186.0014549185066
2020-10-01,Alkoholsteuer,2177.001454918506,2177.001454918506,2020-10-01,2020,10,2177.001454918506
2020-11-01,Alkoholsteuer,2167.001454918506,2167.001454918506,2020-11-01,2020,11,2167.001454918506
2020-12-01,Alkoholsteuer,2193.0014549185066,2193.0014549185066,2020-12-01,2020,12,2193.0014549185066
2019-01-01,Luftverkehrsteuer,1191.4165135469852,1191.580903264013,2019-01-01,2019,1,1191.4165135469852
2019-02-01,Luftverkehrsteuer,1195.8330270939705,1196.179485276732,2019-02-01,2019,2,1195.8330270939705
2019-03-01,Luftverkehrsteuer,1200.2495406409557,1200.7958142644738,2019-03-01,2019,3,1200.2495406409557
2019-04-01,Luftverkehrsteuer,1204.666054187941,1205.4299587168557,2019-04-01,2019,4,1204.666054187941
2019-05-01,Luftverkehrsteuer,1209.0825677349262,1210.0819873878118,2019-05-01,2019,5,1209.0825677349262
2019-06-01,Luftverkehrsteuer,1213.4990812819117,1214.751969296614,2019-06-01,2019,6,1213.4990812819117
2019-07-01,Luftverkehrsteuer,1217.915594828897,1219.4399737288945,2019-07-01,2019,7,1217.915594828897
2019-08-01,Luftverkehrsteuer,1222.3321083758822,1224.1460702376753,2019-08-01,2019,8,1222.3321083758822
2019-09-01,Luftverkehrsteuer,1226.7486219228674,1228.8703286443986,2019-09-01,2019,9,1226.7486219228674
2019-10-01,Luftverkehrsteuer,1231.1651354698527,1233.6128190399638,2019-10-01,2019,10,1231.1651354698527
2019-11-01,Luftverkehrsteuer,1235.581649016838,1238.3736117857668,2019-11-01,2019,11,1235.581649016838
2019-12-01,Luftverkehrsteuer,1239.9981625638231,1243.152777514745,2019-12-01,2019,12,1239.9981625638231
2020-01-01,Luftverkehrsteuer,1244.4146761108084,1247.9503871324232,2020-01-01,2020,1,1244.4146761108084
2020-02-01,Luftverkehrsteuer,1248.8311896577936,1252.7665118179675,2020-02-01,2020,2,1248.8311896577936
2020-03-01,Luftverkehrsteuer,1253.2477032047789,1257.6012230252406,2020-03-01,2020,3,1253.2477032047789
2020-04-01,Luftverkehrsteuer,1257.6642167517643,1262.4545924838615,2020-04-01,2020,4,1257.6642167517643
2020-05-01,Luftverkehrsteuer,1262.0807302987496,1267.3266922002704,2020-05-01,2020,5,1262.0807302987496
2020-06-01,Luftverkehrsteuer,1266.4972438457348,1272.217594458797,2020-06-01,2020,6,1266.4972438457348
2020-07-01,Luftverkehrsteuer,1270.91375739272,1277.1273718227324,2020-07-01,2020,7,1270.91375739272
2020-08-01,Luftverkehrsteuer,1275.3302709397053,1282.0560971354055,2020-08-01,2020,8,1275.3302709397053
2020-09-01,Luftverkehrsteuer,1279.7467844866906,1287.0038435212653,2020-09-01,2020,9,1279.7467844866906
2020-10-01,Luftverkehrsteuer,1284.1632980336758,1291.9706843869633,2020-10-01,2020,10,1284.1632980336758
2020-11-01,Luftverkehrsteuer,1288.579811580661,1296.9566934224456,2020-11-01,2020,11,1288.579811580661
2020-12-01,Luftverkehrsteuer,1292.9963251276465,1301.961944602043,2020-12-01,2020,12,1292.9963251276465
2019-01-01,Ergänzungszuweisungen an Länder,-8307.963982034978,-8112.444041876531,2019-01-01,2019,1,-8307.963982034978
2019-02-01,Ergänzungszuweisungen an Länder,-8053.433772624801,-7755.332115552442,2019-02-01,2019,2,-8053.433772624801
2019-03-01,Ergänzungszuweisungen an Länder,-7780.039867040336,-7350.815072332436,2019-03-01,2019,3,-7780.039867040336
2019-04-01,Ergänzungszuweisungen an Länder,-7544.585241932703,-7027.230254122021,2019-04-01,2019,4,-7544.585241932703
2019-05-01,Ergänzungszuweisungen an Länder,-7317.3265505144755,-6717.100262322126,2019-05-01,2019,5,-7317.3265505144755
2019-06-01,Ergänzungszuweisungen an Länder,-7121.556753748514,-6397.996359359995,2019-06-01,2019,6,-7121.556753748514
2019-07-01,Ergänzungszuweisungen an Länder,-6892.254217940581,-6116.354872193934,2019-07-01,2019,7,-6892.254217940581
2019-08-01,Ergänzungszuweisungen an Länder,-6662.073532723233,-5847.1113175739065,2019-08-01,2019,8,-6662.073532723233
2019-09-01,Ergänzungszuweisungen an Länder,-6267.667405690402,-5531.21309825143,2019-09-01,2019,9,-6267.667405690402
2019-10-01,Ergänzungszuweisungen an Länder,-6037.705707206205,-5288.908662336963,2019-10-01,2019,10,-6037.705707206205
2019-11-01,Ergänzungszuweisungen an Länder,-5807.8380976220005,-5057.628497932532,2019-11-01,2019,11,-5807.8380976220005
2019-12-01,Ergänzungszuweisungen an Länder,-5471.780903790655,-4759.6278556061825,2019-12-01,2019,12,-5471.780903790655
2020-01-01,Ergänzungszuweisungen an Länder,-5241.889830977285,-4550.107782084898,2020-01-01,2020,1,-5241.889830977285
2020-02-01,Ergänzungszuweisungen an Länder,-5019.065003441694,-4349.998941891825,2020-02-01,2020,2,-5019.065003441694
2020-03-01,Ergänzungszuweisungen an Länder,-4666.512313577054,-4138.31341116332,2020-03-01,2020,3,-4666.512313577054
2020-04-01,Ergänzungszuweisungen an Länder,-4436.613673609839,-3956.1437633519527,2020-04-01,2020,4,-4436.613673609839
2020-05-01,Ergänzungszuweisungen an Länder,-4206.716113778389,-3781.993271482716,2020-05-01,2020,5,-4206.716113778389
2020-06-01,Ergänzungszuweisungen an Länder,-3848.972410847201,-3580.968019730167,2020-06-01,2020,6,-3848.972410847201
2020-07-01,Ergänzungszuweisungen an Länder,-3619.074581659079,-3423.3328630443,2020-07-01,2020,7,-3619.074581659079
2020-08-01,Ergänzungszuweisungen an Länder,-3389.176636740325,-3272.6368475305494,2020-08-01,2020,8,-3389.176636740325
2020-09-01,Ergänzungszuweisungen an Länder,-3194.660378729599,-3118.908237546425,2020-09-01,2020,9,-3194.660378729599
2020-10-01,Ergänzungszuweisungen an Länder,-2998.728829333966,-2981.573333667572,2020-10-01,2020,10,-2998.728829333966
2020-11-01,Ergänzungszuweisungen an Länder,-2768.830925675208,-2849.208313437886,2020-11-01,2020,11,-2849.208313437886
2020-12-01,Ergänzungszuweisungen an Länder,-2362.4966115162642,-2724.8472900642896,2020-12-01,2020,12,-2724.8472900642896
2019-01-01,BNE-Eigenmittel der EU,-22535.388680023105,-24163.480426116734,2019-01-01,2019,1,-24163.480426116734
2019-02-01,BNE-Eigenmittel der EU,-19402.951213868837,-17872.024942458705,2019-02-01,2019,2,-19402.951213868837
2019-03-01,BNE-Eigenmittel der EU,-18161.87615943587,-15285.0660581642,2019-03-01,2019,3,-18161.87615943587
2019-04-01,BNE-Eigenmittel der EU,-18627.963668307144,-16117.543625681612,2019-04-01,2019,4,-18627.963668307144
2019-05-01,BNE-Eigenmittel der EU,-18799.346597821077,-16359.792628441422,2019-05-01,2019,5,-18799.346597821077
2019-06-01,BNE-Eigenmittel der EU,-19066.34583990638,-17158.165400974794,2019-06-01,2019,6,-19066.34583990638
2019-07-01,BNE-Eigenmittel der EU,-18858.562455643627,-17204.13065934156,2019-07-01,2019,7,-18858.562455643627
2019-08-01,BNE-Eigenmittel der EU,-18499.15329692894,-16277.934864959938,2019-08-01,2019,8,-18499.15329692894
2019-09-01,BNE-Eigenmittel der EU,-18300.053372720413,-16028.112712915503,2019-09-01,2019,9,-18300.053372720413
2019-10-01,BNE-Eigenmittel der EU,-16745.07820339492,-13826.93060057515,2019-10-01,2019,10,-16745.07820339492
2019-11-01,BNE-Eigenmittel der EU,-18310.946182173313,-15529.573837546437,2019-11-01,2019,11,-18310.946182173313
2019-12-01,BNE-Eigenmittel der EU,-17750.831647085535,-15296.710235452843,2019-12-01,2019,12,-17750.831647085535
2020-01-01,BNE-Eigenmittel der EU,-15449.767492160423,-12279.409045134866,2020-01-01,2020,1,-15449.767492160423
2020-02-01,BNE-Eigenmittel der EU,-17723.18379991052,-17849.155908459496,2020-02-01,2020,2,-17849.155908459496
2020-03-01,BNE-Eigenmittel der EU,-19019.902911945002,-20512.39128441139,2020-03-01,2020,3,-20512.39128441139
2020-04-01,BNE-Eigenmittel der EU,-18567.918202536843,-20515.07663110221,2020-04-01,2020,4,-20515.07663110221
2020-05-01,BNE-Eigenmittel der EU,-18177.697195715613,-20116.341647836904,2020-05-01,2020,5,-20116.341647836904
2020-06-01,BNE-Eigenmittel der EU,-17730.756279844143,-19595.230057940556,2020-06-01,2020,6,-19595.230057940556
2020-07-01,BNE-Eigenmittel der EU,-18159.891973336093,-19611.15165540362,2020-07-01,2020,7,-19611.15165540362
2020-08-01,BNE-Eigenmittel der EU,-18874.07649206026,-20718.870050527534,2020-08-01,2020,8,-20718.870050527534
2020-09-01,BNE-Eigenmittel der EU,-19618.387242395813,-21038.01229689591,2020-09-01,2020,9,-21038.01229689591
2020-10-01,BNE-Eigenmittel der EU,-21776.17425982785,-23375.01300367733,2020-10-01,2020,10,-23375.01300367733
2020-11-01,BNE-Eigenmittel der EU,-20210.30628104946,-21686.59135375079,2020-11-01,2020,11,-21686.59135375079
2020-12-01,BNE-Eigenmittel der EU,-20627.061162367365,-22904.449900597585,2020-12-01,2020,12,-22904.449900597585
2019-01-01,Mehrwertsteuer-Eigenmittel der EU,-2275.468399331495,-2250.838738561835,2019-01-01,2019,1,-2275.468399331495
2019-02-01,Mehrwertsteuer-Eigenmittel der EU,-2092.3852262965784,-1899.7316030546924,2019-02-01,2019,2,-2092.3852262965784
2019-03-01,Mehrwertsteuer-Eigenmittel der EU,-1986.5605628276548,-1759.082210491386,2019-03-01,2019,3,-1986.5605628276548
2019-04-01,Mehrwertsteuer-Eigenmittel der EU,-1935.7972301043737,-1733.8109583647702,2019-04-01,2019,4,-1935.7972301043737
2019-05-01,Mehrwertsteuer-Eigenmittel der EU,-1858.2367657179773,-1655.9239503937783,2019-05-01,2019,5,-1858.2367657179773
2019-06-01,Mehrwertsteuer-Eigenmittel der EU,-1806.3758864154768,-1631.9817275444052,2019-06-01,2019,6,-1806.3758864154768
2019-07-01,Mehrwertsteuer-Eigenmittel der EU,-1721.1146179263253,-1539.125063395099,2019-07-01,2019,7,-1721.1146179263253
2019-08-01,Mehrwertsteuer-Eigenmittel der EU,-1628.0203250680815,-1434.757379174028,2019-08-01,2019,8,-1628.0203250680815
2019-09-01,Mehrwertsteuer-Eigenmittel der EU,-1534.5712685717058,-1332.2215378120745,2019-09-01,2019,9,-1534.5712685717058
2019-10-01,Mehrwertsteuer-Eigenmittel der EU,-1359.302810311573,-1070.1611861161077,2019-10-01,2019,10,-1359.302810311573
2019-11-01,Mehrwertsteuer-Eigenmittel der EU,-1347.9933514325462,-1139.189175987319,2019-11-01,2019,11,-1347.9933514325462
2019-12-01,Mehrwertsteuer-Eigenmittel der EU,-1254.819241923784,-1046.9336777482001,2019-12-01,2019,12,-1254.819241923784
2020-01-01,Mehrwertsteuer-Eigenmittel der EU,-1194.2513034115577,-1019.1201071971362,2020-01-01,2020,1,-1194.2513034115577
2020-02-01,Mehrwertsteuer-Eigenmittel der EU,-1161.6726147848544,-1040.7681126919988,2020-02-01,2020,2,-1161.6726147848544
2020-03-01,Mehrwertsteuer-Eigenmittel der EU,-1114.7524457106233,-1037.6780910322034,2020-03-01,2020,3,-1114.7524457106233
2020-04-01,Mehrwertsteuer-Eigenmittel der EU,-1054.4179459142842,-1009.4518967327276,2020-04-01,2020,4,-1054.4179459142842
2020-05-01,Mehrwertsteuer-Eigenmittel der EU,-984.6001555215114,-966.5595968144517,2020-05-01,2020,5,-984.6001555215114
2020-06-01,Mehrwertsteuer-Eigenmittel der EU,-917.7893080497204,-930.0218280141322,2020-06-01,2020,6,-930.0218280141322
2020-07-01,Mehrwertsteuer-Eigenmittel der EU,-857.2232916783666,-906.7539822624506,2020-07-01,2020,7,-906.7539822624506
2020-08-01,Mehrwertsteuer-Eigenmittel der EU,-801.2831562988176,-890.628268845895,2020-08-01,2020,8,-890.628268845895
2020-09-01,Mehrwertsteuer-Eigenmittel der EU,-745.3430062467776,-876.025326689942,2020-09-01,2020,9,-876.025326689942
2020-10-01,Mehrwertsteuer-Eigenmittel der EU,-736.1239464086816,-935.0905511439967,2020-10-01,2020,10,-935.0905511439967
2020-11-01,Mehrwertsteuer-Eigenmittel der EU,-633.6940091989911,-845.2388214647374,2020-11-01,2020,11,-845.2388214647374
2020-12-01,Mehrwertsteuer-Eigenmittel der EU,-577.7538643345615,-830.3839617060249,2020-12-01,2020,12,-830.3839617060249
2019-01-01,Zuweisungen an Länder für ÖPNV,-8500.087599293396,-8498.887624806022,2019-01-01,2019,1,-8500.087599293396
2019-02-01,Zuweisungen an Länder für ÖPNV,-8501.502392521203,-8498.953159358829,2019-02-01,2019,2,-8501.502392521203
2019-03-01,Zuweisungen an Länder für ÖPNV,-8502.461216316451,-8498.957962394232,2019-03-01,2019,3,-8502.461216316451
2019-04-01,Zuweisungen an Länder für ÖPNV,-8503.111023689191,-8498.95827987096,2019-04-01,2019,4,-8503.111023689191
2019-05-01,Zuweisungen an Länder für ÖPNV,-8503.551406608096,-8498.958267377173,2019-05-01,2019,5,-8503.551406608096
2019-06-01,Zuweisungen an Länder für ÖPNV,-8503.849859847316,-8498.958229754677,2019-06-01,2019,6,-8503.849859847316
2019-07-01,Zuweisungen an Länder für ÖPNV,-8504.052125494274,-8498.958191181255,2019-07-01,2019,7,-8504.052125494274
2019-08-01,Zuweisungen an Länder für ÖPNV,-8504.189203557311,-8498.958152819512,2019-08-01,2019,8,-8504.189203557311
2019-09-01,Zuweisungen an Länder für ÖPNV,-8504.282103145788,-8498.958114299418,2019-09-01,2019,9,-8504.282103145788
2019-10-01,Zuweisungen an Länder für ÖPNV,-8504.345062406726,-8498.958077086889,2019-10-01,2019,10,-8504.345062406726
2019-11-01,Zuweisungen an Länder für ÖPNV,-8504.387730717777,-8498.958039235044,2019-11-01,2019,11,-8504.387730717777
2019-12-01,Zuweisungen an Länder für ÖPNV,-8504.416647587843,-8498.958377881436,2019-12-01,2019,12,-8504.416647587843
2020-01-01,Zuweisungen an Länder für ÖPNV,-8504.43624492727,-8498.958371695124,2020-01-01,2020,1,-8504.43624492727
2020-02-01,Zuweisungen an Länder für ÖPNV,-8504.449526299415,-8498.958365002905,2020-02-01,2020,2,-8504.449526299415
2020-03-01,Zuweisungen an Länder für ÖPNV,-8504.458527258279,-8498.958358835063,2020-03-01,2020,3,-8504.458527258279
2020-04-01,Zuweisungen an Länder für ÖPNV,-8504.46462732532,-8498.958352162797,2020-04-01,2020,4,-8504.46462732532
2020-05-01,Zuweisungen an Länder für ÖPNV,-8504.468761420196,-8498.95834550086,2020-05-01,2020,5,-8504.468761420196
2020-06-01,Zuweisungen an Länder für ÖPNV,-8504.47156315013,-8498.958339360885,2020-06-01,2020,6,-8504.47156315013
2020-07-01,Zuweisungen an Länder für ÖPNV,-8504.473461918993,-8498.95833271872,2020-07-01,2020,7,-8504.473461918993
2020-08-01,Zuweisungen an Länder für ÖPNV,-8504.47474873938,-8498.95832659694,2020-08-01,2020,8,-8504.47474873938
2020-09-01,Zuweisungen an Länder für ÖPNV,-8504.475620834313,-8498.958320483856,2020-09-01,2020,9,-8504.475620834313
2020-10-01,Zuweisungen an Länder für ÖPNV,-8504.476211864408,-8498.95831336204,2020-10-01,2020,10,-8504.476211864408
2020-11-01,Zuweisungen an Länder für ÖPNV,-8504.4766124132,-8498.958307267712,2020-11-01,2020,11,-8504.4766124132
2020-12-01,Zuweisungen an Länder für ÖPNV,-8504.476883870331,-8498.958301182001,2020-12-01,2020,12,-8504.476883870331
2019-01-01,Zuweisung an die Länder für Kfz-Steuer und Lkw-Maut,-8992.0,-8992.0,2019-01-01,2019,1,-8992.0
2019-02-01,Zuweisung an die Länder für Kfz-Steuer und Lkw-Maut,-8992.0,-8992.0,2019-02-01,2019,2,-8992.0
2019-03-01,Zuweisung an die Länder für Kfz-Steuer und Lkw-Maut,-8992.0,-8992.0,2019-03-01,2019,3,-8992.0
2019-04-01,Zuweisung an die Länder für Kfz-Steuer und Lkw-Maut,-8992.0,-8992.0,2019-04-01,2019,4,-8992.0
2019-05-01,Zuweisung an die Länder für Kfz-Steuer und Lkw-Maut,-8992.0,-8992.0,2019-05-01,2019,5,-8992.0
2019-06-01,Zuweisung an die Länder für Kfz-Steuer und Lkw-Maut,-8992.0,-8992.0,2019-06-01,2019,6,-8992.0
2019-07-01,Zuweisung an die Länder für Kfz-Steuer und Lkw-Maut,-8992.0,-8992.0,2019-07-01,2019,7,-8992.0
2019-08-01,Zuweisung an die Länder für Kfz-Steuer und Lkw-Maut,-8992.0,-8992.0,2019-08-01,2019,8,-8992.0
2019-09-01,Zuweisung an die Länder für Kfz-Steuer und Lkw-Maut,-8992.0,-8992.0,2019-09-01,2019,9,-8992.0
2019-10-01,Zuweisung an die Länder für Kfz-Steuer und Lkw-Maut,-8992.0,-8992.0,2019-10-01,2019,10,-8992.0
2019-11-01,Zuweisung an die Länder für Kfz-Steuer und Lkw-Maut,-8992.0,-8992.0,2019-11-01,2019,11,-8992.0
2019-12-01,Zuweisung an die Länder für Kfz-Steuer und Lkw-Maut,-8992.0,-8992.0,2019-12-01,2019,12,-8992.0
2020-01-01,Zuweisung an die Länder für Kfz-Steuer und Lkw-Maut,-8992.0,-8992.0,2020-01-01,2020,1,-8992.0
2020-02-01,Zuweisung an die Länder für Kfz-Steuer und Lkw-Maut,-8992.0,-8992.0,2020-02-01,2020,2,-8992.0
2020-03-01,Zuweisung an die Länder für Kfz-Steuer und Lkw-Maut,-8992.0,-8992.0,2020-03-01,2020,3,-8992.0
2020-04-01,Zuweisung an die Länder für Kfz-Steuer und Lkw-Maut,-8992.0,-8992.0,2020-04-01,2020,4,-8992.0
2020-05-01,Zuweisung an die Länder für Kfz-Steuer und Lkw-Maut,-8992.0,-8992.0,2020-05-01,2020,5,-8992.0
2020-06-01,Zuweisung an die Länder für Kfz-Steuer und Lkw-Maut,-8992.0,-8992.0,2020-06-01,2020,6,-8992.0
2020-07-01,Zuweisung an die Länder für Kfz-Steuer und Lkw-Maut,-8992.0,-8992.0,2020-07-01,2020,7,-8992.0
2020-08-01,Zuweisung an die Länder für Kfz-Steuer und Lkw-Maut,-8992.0,-8992.0,2020-08-01,2020,8,-8992.0
2020-09-01,Zuweisung an die Länder für Kfz-Steuer und Lkw-Maut,-8992.0,-8992.0,2020-09-01,2020,9,-8992.0
2020-10-01,Zuweisung an die Länder für Kfz-Steuer und Lkw-Maut,-8992.0,-8992.0,2020-10-01,2020,10,-8992.0
2020-11-01,Zuweisung an die Länder für Kfz-Steuer und Lkw-Maut,-8992.0,-8992.0,2020-11-01,2020,11,-8992.0
2020-12-01,Zuweisung an die Länder für Kfz-Steuer und Lkw-Maut,-8992.0,-8992.0,2020-12-01,2020,12,-8992.0
2019-01-01,Sonstige Einnahmen,25134.83226237812,25161.281566625243,2019-01-01,2019,1,25134.83226237812
2019-02-01,Sonstige Einnahmen,25192.42069648803,25729.8368108803,2019-02-01,2019,2,25192.42069648803
2019-03-01,Sonstige Einnahmen,25486.31476118164,26646.803684731385,2019-03-01,2019,3,25486.31476118164
2019-04-01,Sonstige Einnahmen,25444.716208532263,26811.03341270281,2019-04-01,2019,4,25444.716208532263
2019-05-01,Sonstige Einnahmen,25399.43497073093,26687.104883287237,2019-05-01,2019,5,25399.43497073093
2019-06-01,Sonstige Einnahmen,25322.72815296626,26166.090289559488,2019-06-01,2019,6,25322.72815296626
2019-07-01,Sonstige Einnahmen,25292.668680459672,26352.87377735042,2019-07-01,2019,7,25292.668680459672
2019-08-01,Sonstige Einnahmen,25286.17839292559,26702.9336974633,2019-08-01,2019,8,25286.17839292559
2019-09-01,Sonstige Einnahmen,25370.650428644763,27358.126435087546,2019-09-01,2019,9,25370.650428644763
2019-10-01,Sonstige Einnahmen,25351.639011594034,27571.72147794997,2019-10-01,2019,10,25351.639011594034
2019-11-01,Sonstige Einnahmen,25288.067104204667,27682.287921910403,2019-11-01,2019,11,25288.067104204667
2019-12-01,Sonstige Einnahmen,25157.22481470628,27563.684154077215,2019-12-01,2019,12,25157.22481470628
2020-01-01,Sonstige Einnahmen,25087.760611073783,27605.714719193424,2020-01-01,2020,1,25087.760611073783
2020-02-01,Sonstige Einnahmen,24954.831466655956,27045.36858780109,2020-02-01,2020,2,24954.831466655956
2020-03-01,Sonstige Einnahmen,24735.973002025872,26401.083532411707,2020-03-01,2020,3,24735.973002025872
2020-04-01,Sonstige Einnahmen,24610.163715568484,26083.250648024255,2020-04-01,2020,4,24610.163715568484
2020-05-01,Sonstige Einnahmen,24496.998314799475,26118.021971182385,2020-05-01,2020,5,24496.998314799475
2020-06-01,Sonstige Einnahmen,24402.369095961963,26657.273952084477,2020-06-01,2020,6,24402.369095961963
2020-07-01,Sonstige Einnahmen,24486.22735082248,27164.775856014734,2020-07-01,2020,7,24486.22735082248
2020-08-01,Sonstige Einnahmen,24195.802038072758,26050.615904719016,2020-08-01,2020,8,24195.802038072758
2020-09-01,Sonstige Einnahmen,24097.490134083295,25757.173572225114,2020-09-01,2020,9,24097.490134083295
2020-10-01,Sonstige Einnahmen,23994.022470881093,25658.527038323133,2020-10-01,2020,10,23994.022470881093
2020-11-01,Sonstige Einnahmen,23859.37474005902,25411.336485666776,2020-11-01,2020,11,23859.37474005902
2020-12-01,Sonstige Einnahmen,23765.4820582519,25642.16416275567,2020-12-01,2020,12,23765.4820582519
